experiment,run,crossover_type,final_generation,final_best_robot_id,final_best_fitness,final_best_born_generation,child_id,parent_id,parent_choice,chosen_parent_slot,original_child_generation,generation_zero_based,step_from_final_best,distance
flat_arithmetic_recombination_25pop_25off_50gen_1000steps,1,arithmetic_recombination,50,1046,61.37109809493562,42,102,8,elite_parent,parent2,5,4,15,0.5180760347456518
flat_arithmetic_recombination_25pop_25off_50gen_1000steps,1,arithmetic_recombination,50,1046,61.37109809493562,42,131,102,elite_parent,parent1,6,5,14,0.7557853000377067
flat_arithmetic_recombination_25pop_25off_50gen_1000steps,1,arithmetic_recombination,50,1046,61.37109809493562,42,323,131,elite_parent,parent1,13,12,13,0.0
flat_arithmetic_recombination_25pop_25off_50gen_1000steps,1,arithmetic_recombination,50,1046,61.37109809493562,42,366,323,elite_parent,parent2,15,14,12,0.0
flat_arithmetic_recombination_25pop_25off_50gen_1000steps,1,arithmetic_recombination,50,1046,61.37109809493562,42,410,366,elite_parent,parent2,17,16,11,0.0
flat_arithmetic_recombination_25pop_25off_50gen_1000steps,1,arithmetic_recombination,50,1046,61.37109809493562,42,490,410,elite_parent,parent2,20,19,10,0.0
flat_arithmetic_recombination_25pop_25off_50gen_1000steps,1,arithmetic_recombination,50,1046,61.37109809493562,42,545,490,elite_parent,parent2,22,21,9,0.0
flat_arithmetic_recombination_25pop_25off_50gen_1000steps,1,arithmetic_recombination,50,1046,61.37109809493562,42,561,545,elite_parent,parent1,23,22,8,0.0
flat_arithmetic_recombination_25pop_25off_50gen_1000steps,1,arithmetic_recombination,50,1046,61.37109809493562,42,589,561,elite_parent,parent2,24,23,7,0.0
flat_arithmetic_recombination_25pop_25off_50gen_1000steps,1,arithmetic_recombination,50,1046,61.37109809493562,42,607,589,elite_parent,parent2,25,24,6,0.0
flat_arithmetic_recombination_25pop_25off_50gen_1000steps,1,arithmetic_recombination,50,1046,61.37109809493562,42,664,607,elite_parent,parent2,27,26,5,0.0
flat_arithmetic_recombination_25pop_25off_50gen_1000steps,1,arithmetic_recombination,50,1046,61.37109809493562,42,680,664,elite_parent,parent1,28,27,4,0.0
flat_arithmetic_recombination_25pop_25off_50gen_1000steps,1,arithmetic_recombination,50,1046,61.37109809493562,42,797,680,elite_parent,parent1,32,31,3,0.0
flat_arithmetic_recombination_25pop_25off_50gen_1000steps,1,arithmetic_recombination,50,1046,61.37109809493562,42,909,797,elite_parent,parent2,37,36,2,0.0
flat_arithmetic_recombination_25pop_25off_50gen_1000steps,1,arithmetic_recombination,50,1046,61.37109809493562,42,1003,909,elite_parent,parent1,41,40,1,0.0
flat_arithmetic_recombination_25pop_25off_50gen_1000steps,1,arithmetic_recombination,50,1046,61.37109809493562,42,1046,1003,elite_parent,parent2,42,41,0,0.0
flat_arithmetic_recombination_25pop_25off_50gen_1000steps,2,arithmetic_recombination,50,1226,27.53740952667045,50,26,15,elite_parent,parent2,2,1,26,0.41794251569448
flat_arithmetic_recombination_25pop_25off_50gen_1000steps,2,arithmetic_recombination,50,1226,27.53740952667045,50,123,26,elite_parent,parent1,5,4,25,0.5801107900999891
flat_arithmetic_recombination_25pop_25off_50gen_1000steps,2,arithmetic_recombination,50,1226,27.53740952667045,50,164,123,elite_parent,parent2,7,6,24,0.7862184132922672
flat_arithmetic_recombination_25pop_25off_50gen_1000steps,2,arithmetic_recombination,50,1226,27.53740952667045,50,235,164,elite_parent,parent2,10,9,23,0.0
flat_arithmetic_recombination_25pop_25off_50gen_1000steps,2,arithmetic_recombination,50,1226,27.53740952667045,50,308,235,elite_parent,parent2,13,12,22,0.0
flat_arithmetic_recombination_25pop_25off_50gen_1000steps,2,arithmetic_recombination,50,1226,27.53740952667045,50,331,308,elite_parent,parent2,14,13,21,0.0
flat_arithmetic_recombination_25pop_25off_50gen_1000steps,2,arithmetic_recombination,50,1226,27.53740952667045,50,351,331,elite_parent,parent1,15,14,20,0.0
flat_arithmetic_recombination_25pop_25off_50gen_1000steps,2,arithmetic_recombination,50,1226,27.53740952667045,50,474,351,elite_parent,parent1,19,18,19,0.0
flat_arithmetic_recombination_25pop_25off_50gen_1000steps,2,arithmetic_recombination,50,1226,27.53740952667045,50,477,474,elite_parent,parent1,20,19,18,0.0
flat_arithmetic_recombination_25pop_25off_50gen_1000steps,2,arithmetic_recombination,50,1226,27.53740952667045,50,530,477,elite_parent,parent2,22,21,17,0.0
flat_arithmetic_recombination_25pop_25off_50gen_1000steps,2,arithmetic_recombination,50,1226,27.53740952667045,50,593,530,elite_parent,parent1,24,23,16,0.0
flat_arithmetic_recombination_25pop_25off_50gen_1000steps,2,arithmetic_recombination,50,1226,27.53740952667045,50,604,593,elite_parent,parent2,25,24,15,0.0
flat_arithmetic_recombination_25pop_25off_50gen_1000steps,2,arithmetic_recombination,50,1226,27.53740952667045,50,728,604,elite_parent,parent2,30,29,14,0.0
flat_arithmetic_recombination_25pop_25off_50gen_1000steps,2,arithmetic_recombination,50,1226,27.53740952667045,50,762,728,elite_parent,parent1,31,30,13,0.0
flat_arithmetic_recombination_25pop_25off_50gen_1000steps,2,arithmetic_recombination,50,1226,27.53740952667045,50,784,762,elite_parent,parent1,32,31,12,0.0
flat_arithmetic_recombination_25pop_25off_50gen_1000steps,2,arithmetic_recombination,50,1226,27.53740952667045,50,843,784,elite_parent,parent1,34,33,11,0.4354972964787286
flat_arithmetic_recombination_25pop_25off_50gen_1000steps,2,arithmetic_recombination,50,1226,27.53740952667045,50,894,843,elite_parent,parent1,36,35,10,0.0
flat_arithmetic_recombination_25pop_25off_50gen_1000steps,2,arithmetic_recombination,50,1226,27.53740952667045,50,906,894,elite_parent,parent1,37,36,9,0.0
flat_arithmetic_recombination_25pop_25off_50gen_1000steps,2,arithmetic_recombination,50,1226,27.53740952667045,50,938,906,elite_parent,parent2,38,37,8,0.0
flat_arithmetic_recombination_25pop_25off_50gen_1000steps,2,arithmetic_recombination,50,1226,27.53740952667045,50,987,938,elite_parent,parent1,40,39,7,0.0
flat_arithmetic_recombination_25pop_25off_50gen_1000steps,2,arithmetic_recombination,50,1226,27.53740952667045,50,1018,987,elite_parent,parent2,41,40,6,0.0
flat_arithmetic_recombination_25pop_25off_50gen_1000steps,2,arithmetic_recombination,50,1226,27.53740952667045,50,1099,1018,elite_parent,parent1,44,43,5,0.0
flat_arithmetic_recombination_25pop_25off_50gen_1000steps,2,arithmetic_recombination,50,1226,27.53740952667045,50,1147,1099,elite_parent,parent2,46,45,4,0.0
flat_arithmetic_recombination_25pop_25off_50gen_1000steps,2,arithmetic_recombination,50,1226,27.53740952667045,50,1166,1147,elite_parent,parent2,47,46,3,0.0
flat_arithmetic_recombination_25pop_25off_50gen_1000steps,2,arithmetic_recombination,50,1226,27.53740952667045,50,1181,1166,elite_parent,parent2,48,47,2,0.0
flat_arithmetic_recombination_25pop_25off_50gen_1000steps,2,arithmetic_recombination,50,1226,27.53740952667045,50,1201,1181,elite_parent,parent1,49,48,1,0.0
flat_arithmetic_recombination_25pop_25off_50gen_1000steps,2,arithmetic_recombination,50,1226,27.53740952667045,50,1226,1201,elite_parent,parent1,50,49,0,0.0
flat_arithmetic_recombination_25pop_25off_50gen_1000steps,3,arithmetic_recombination,50,1077,66.3882035717333,44,26,2,elite_parent,parent2,2,1,17,0.4785957771057342
flat_arithmetic_recombination_25pop_25off_50gen_1000steps,3,arithmetic_recombination,50,1077,66.3882035717333,44,70,26,elite_parent,parent1,3,2,16,0.3030197809621032
flat_arithmetic_recombination_25pop_25off_50gen_1000steps,3,arithmetic_recombination,50,1077,66.3882035717333,44,335,70,elite_parent,parent2,14,13,15,0.4606423319938055
flat_arithmetic_recombination_25pop_25off_50gen_1000steps,3,arithmetic_recombination,50,1077,66.3882035717333,44,357,335,elite_parent,parent1,15,14,14,0.5945233804373226
flat_arithmetic_recombination_25pop_25off_50gen_1000steps,3,arithmetic_recombination,50,1077,66.3882035717333,44,426,357,elite_parent,parent2,18,17,13,0.5467414472932026
flat_arithmetic_recombination_25pop_25off_50gen_1000steps,3,arithmetic_recombination,50,1077,66.3882035717333,44,646,426,elite_parent,parent2,26,25,12,0.0
flat_arithmetic_recombination_25pop_25off_50gen_1000steps,3,arithmetic_recombination,50,1077,66.3882035717333,44,682,646,elite_parent,parent1,28,27,11,0.0
flat_arithmetic_recombination_25pop_25off_50gen_1000steps,3,arithmetic_recombination,50,1077,66.3882035717333,44,709,682,elite_parent,parent2,29,28,10,0.2006040868525617
flat_arithmetic_recombination_25pop_25off_50gen_1000steps,3,arithmetic_recombination,50,1077,66.3882035717333,44,744,709,elite_parent,parent1,30,29,9,0.0
flat_arithmetic_recombination_25pop_25off_50gen_1000steps,3,arithmetic_recombination,50,1077,66.3882035717333,44,779,744,elite_parent,parent1,32,31,8,0.0
flat_arithmetic_recombination_25pop_25off_50gen_1000steps,3,arithmetic_recombination,50,1077,66.3882035717333,44,882,779,elite_parent,parent2,36,35,7,0.0
flat_arithmetic_recombination_25pop_25off_50gen_1000steps,3,arithmetic_recombination,50,1077,66.3882035717333,44,902,882,elite_parent,parent2,37,36,6,0.0
flat_arithmetic_recombination_25pop_25off_50gen_1000steps,3,arithmetic_recombination,50,1077,66.3882035717333,44,930,902,elite_parent,parent1,38,37,5,0.0
flat_arithmetic_recombination_25pop_25off_50gen_1000steps,3,arithmetic_recombination,50,1077,66.3882035717333,44,964,930,elite_parent,parent1,39,38,4,0.0
flat_arithmetic_recombination_25pop_25off_50gen_1000steps,3,arithmetic_recombination,50,1077,66.3882035717333,44,1002,964,elite_parent,parent2,41,40,3,0.2476253018076836
flat_arithmetic_recombination_25pop_25off_50gen_1000steps,3,arithmetic_recombination,50,1077,66.3882035717333,44,1035,1002,elite_parent,parent1,42,41,2,0.0
flat_arithmetic_recombination_25pop_25off_50gen_1000steps,3,arithmetic_recombination,50,1077,66.3882035717333,44,1062,1035,elite_parent,parent2,43,42,1,0.0
flat_arithmetic_recombination_25pop_25off_50gen_1000steps,3,arithmetic_recombination,50,1077,66.3882035717333,44,1077,1062,elite_parent,parent2,44,43,0,0.3666322368870812
flat_arithmetic_recombination_25pop_25off_50gen_1000steps,4,arithmetic_recombination,50,842,37.166916996468814,34,35,25,elite_parent,parent1,2,1,17,0.6705067032498994
flat_arithmetic_recombination_25pop_25off_50gen_1000steps,4,arithmetic_recombination,50,842,37.166916996468814,34,57,35,elite_parent,parent1,3,2,16,0.315822162293939
flat_arithmetic_recombination_25pop_25off_50gen_1000steps,4,arithmetic_recombination,50,842,37.166916996468814,34,131,57,elite_parent,parent2,6,5,15,0.2932579955476626
flat_arithmetic_recombination_25pop_25off_50gen_1000steps,4,arithmetic_recombination,50,842,37.166916996468814,34,227,131,elite_parent,parent1,10,9,14,0.6019269678108627
flat_arithmetic_recombination_25pop_25off_50gen_1000steps,4,arithmetic_recombination,50,842,37.166916996468814,34,321,227,elite_parent,parent2,13,12,13,0.4429140317332166
flat_arithmetic_recombination_25pop_25off_50gen_1000steps,4,arithmetic_recombination,50,842,37.166916996468814,34,354,321,elite_parent,parent1,15,14,12,0.4438537741638638
flat_arithmetic_recombination_25pop_25off_50gen_1000steps,4,arithmetic_recombination,50,842,37.166916996468814,34,399,354,elite_parent,parent2,16,15,11,0.0
flat_arithmetic_recombination_25pop_25off_50gen_1000steps,4,arithmetic_recombination,50,842,37.166916996468814,34,446,399,elite_parent,parent1,18,17,10,0.0
flat_arithmetic_recombination_25pop_25off_50gen_1000steps,4,arithmetic_recombination,50,842,37.166916996468814,34,453,446,elite_parent,parent1,19,18,9,0.0
flat_arithmetic_recombination_25pop_25off_50gen_1000steps,4,arithmetic_recombination,50,842,37.166916996468814,34,508,453,elite_parent,parent2,21,20,8,0.3785531259094322
flat_arithmetic_recombination_25pop_25off_50gen_1000steps,4,arithmetic_recombination,50,842,37.166916996468814,34,536,508,elite_parent,parent2,22,21,7,0.0
flat_arithmetic_recombination_25pop_25off_50gen_1000steps,4,arithmetic_recombination,50,842,37.166916996468814,34,560,536,elite_parent,parent1,23,22,6,0.0
flat_arithmetic_recombination_25pop_25off_50gen_1000steps,4,arithmetic_recombination,50,842,37.166916996468814,34,674,560,elite_parent,parent2,27,26,5,0.0
flat_arithmetic_recombination_25pop_25off_50gen_1000steps,4,arithmetic_recombination,50,842,37.166916996468814,34,692,674,elite_parent,parent2,28,27,4,0.0
flat_arithmetic_recombination_25pop_25off_50gen_1000steps,4,arithmetic_recombination,50,842,37.166916996468814,34,715,692,elite_parent,parent2,29,28,3,0.0
flat_arithmetic_recombination_25pop_25off_50gen_1000steps,4,arithmetic_recombination,50,842,37.166916996468814,34,745,715,elite_parent,parent2,30,29,2,0.0
flat_arithmetic_recombination_25pop_25off_50gen_1000steps,4,arithmetic_recombination,50,842,37.166916996468814,34,821,745,elite_parent,parent2,33,32,1,0.0
flat_arithmetic_recombination_25pop_25off_50gen_1000steps,4,arithmetic_recombination,50,842,37.166916996468814,34,842,821,elite_parent,parent1,34,33,0,0.0
flat_arithmetic_recombination_25pop_25off_50gen_1000steps,5,arithmetic_recombination,50,792,19.93781117822467,32,73,1,elite_parent,parent1,3,2,10,0.0
flat_arithmetic_recombination_25pop_25off_50gen_1000steps,5,arithmetic_recombination,50,792,19.93781117822467,32,98,73,elite_parent,parent2,4,3,9,0.0
flat_arithmetic_recombination_25pop_25off_50gen_1000steps,5,arithmetic_recombination,50,792,19.93781117822467,32,148,98,elite_parent,parent2,6,5,8,0.0
flat_arithmetic_recombination_25pop_25off_50gen_1000steps,5,arithmetic_recombination,50,792,19.93781117822467,32,161,148,elite_parent,parent1,7,6,7,0.0
flat_arithmetic_recombination_25pop_25off_50gen_1000steps,5,arithmetic_recombination,50,792,19.93781117822467,32,187,161,elite_parent,parent2,8,7,6,0.0
flat_arithmetic_recombination_25pop_25off_50gen_1000steps,5,arithmetic_recombination,50,792,19.93781117822467,32,259,187,elite_parent,parent2,11,10,5,0.0
flat_arithmetic_recombination_25pop_25off_50gen_1000steps,5,arithmetic_recombination,50,792,19.93781117822467,32,326,259,elite_parent,parent2,14,13,4,0.0
flat_arithmetic_recombination_25pop_25off_50gen_1000steps,5,arithmetic_recombination,50,792,19.93781117822467,32,374,326,elite_parent,parent2,15,14,3,0.0
flat_arithmetic_recombination_25pop_25off_50gen_1000steps,5,arithmetic_recombination,50,792,19.93781117822467,32,447,374,elite_parent,parent1,18,17,2,0.0
flat_arithmetic_recombination_25pop_25off_50gen_1000steps,5,arithmetic_recombination,50,792,19.93781117822467,32,693,447,elite_parent,parent1,28,27,1,0.0
flat_arithmetic_recombination_25pop_25off_50gen_1000steps,5,arithmetic_recombination,50,792,19.93781117822467,32,792,693,elite_parent,parent1,32,31,0,0.0
flat_arithmetic_recombination_25pop_25off_50gen_1000steps,6,arithmetic_recombination,50,1228,42.79343362040212,50,158,1,elite_parent,parent1,7,6,9,0.0
flat_arithmetic_recombination_25pop_25off_50gen_1000steps,6,arithmetic_recombination,50,1228,42.79343362040212,50,234,158,elite_parent,parent2,10,9,8,0.0
flat_arithmetic_recombination_25pop_25off_50gen_1000steps,6,arithmetic_recombination,50,1228,42.79343362040212,50,464,234,elite_parent,parent1,19,18,7,0.0
flat_arithmetic_recombination_25pop_25off_50gen_1000steps,6,arithmetic_recombination,50,1228,42.79343362040212,50,542,464,elite_parent,parent2,22,21,6,0.827826095471545
flat_arithmetic_recombination_25pop_25off_50gen_1000steps,6,arithmetic_recombination,50,1228,42.79343362040212,50,697,542,elite_parent,parent2,28,27,5,0.0
flat_arithmetic_recombination_25pop_25off_50gen_1000steps,6,arithmetic_recombination,50,1228,42.79343362040212,50,738,697,elite_parent,parent2,30,29,4,0.0
flat_arithmetic_recombination_25pop_25off_50gen_1000steps,6,arithmetic_recombination,50,1228,42.79343362040212,50,864,738,elite_parent,parent2,35,34,3,0.0
flat_arithmetic_recombination_25pop_25off_50gen_1000steps,6,arithmetic_recombination,50,1228,42.79343362040212,50,946,864,elite_parent,parent2,38,37,2,0.0
flat_arithmetic_recombination_25pop_25off_50gen_1000steps,6,arithmetic_recombination,50,1228,42.79343362040212,50,1177,946,elite_parent,parent1,48,47,1,0.0
flat_arithmetic_recombination_25pop_25off_50gen_1000steps,6,arithmetic_recombination,50,1228,42.79343362040212,50,1228,1177,elite_parent,parent1,50,49,0,0.0
flat_arithmetic_recombination_25pop_25off_50gen_1000steps,7,arithmetic_recombination,50,1190,31.388691118657043,48,30,11,elite_parent,parent2,2,1,12,0.724162277819603
flat_arithmetic_recombination_25pop_25off_50gen_1000steps,7,arithmetic_recombination,50,1190,31.388691118657043,48,151,30,elite_parent,parent1,7,6,11,0.5285082664011236
flat_arithmetic_recombination_25pop_25off_50gen_1000steps,7,arithmetic_recombination,50,1190,31.388691118657043,48,305,151,elite_parent,parent2,13,12,10,0.0
flat_arithmetic_recombination_25pop_25off_50gen_1000steps,7,arithmetic_recombination,50,1190,31.388691118657043,48,352,305,elite_parent,parent1,15,14,9,0.0
flat_arithmetic_recombination_25pop_25off_50gen_1000steps,7,arithmetic_recombination,50,1190,31.388691118657043,48,390,352,elite_parent,parent1,16,15,8,0.0
flat_arithmetic_recombination_25pop_25off_50gen_1000steps,7,arithmetic_recombination,50,1190,31.388691118657043,48,413,390,elite_parent,parent2,17,16,7,0.0
flat_arithmetic_recombination_25pop_25off_50gen_1000steps,7,arithmetic_recombination,50,1190,31.388691118657043,48,466,413,elite_parent,parent1,19,18,6,0.0
flat_arithmetic_recombination_25pop_25off_50gen_1000steps,7,arithmetic_recombination,50,1190,31.388691118657043,48,510,466,elite_parent,parent1,21,20,5,0.0
flat_arithmetic_recombination_25pop_25off_50gen_1000steps,7,arithmetic_recombination,50,1190,31.388691118657043,48,573,510,elite_parent,parent2,23,22,4,0.0
flat_arithmetic_recombination_25pop_25off_50gen_1000steps,7,arithmetic_recombination,50,1190,31.388691118657043,48,682,573,elite_parent,parent2,28,27,3,0.0
flat_arithmetic_recombination_25pop_25off_50gen_1000steps,7,arithmetic_recombination,50,1190,31.388691118657043,48,1104,682,elite_parent,parent1,45,44,2,0.0
flat_arithmetic_recombination_25pop_25off_50gen_1000steps,7,arithmetic_recombination,50,1190,31.388691118657043,48,1167,1104,elite_parent,parent1,47,46,1,0.0
flat_arithmetic_recombination_25pop_25off_50gen_1000steps,7,arithmetic_recombination,50,1190,31.388691118657043,48,1190,1167,elite_parent,parent2,48,47,0,0.0
flat_arithmetic_recombination_25pop_25off_50gen_1000steps,8,arithmetic_recombination,50,1238,62.63957914817573,50,29,25,elite_parent,parent1,2,1,19,0.704726518133579
flat_arithmetic_recombination_25pop_25off_50gen_1000steps,8,arithmetic_recombination,50,1238,62.63957914817573,50,68,29,elite_parent,parent2,3,2,18,0.7177780413310265
flat_arithmetic_recombination_25pop_25off_50gen_1000steps,8,arithmetic_recombination,50,1238,62.63957914817573,50,130,68,elite_parent,parent1,6,5,17,0.3604203870576394
flat_arithmetic_recombination_25pop_25off_50gen_1000steps,8,arithmetic_recombination,50,1238,62.63957914817573,50,549,130,elite_parent,parent1,22,21,16,0.0
flat_arithmetic_recombination_25pop_25off_50gen_1000steps,8,arithmetic_recombination,50,1238,62.63957914817573,50,557,549,elite_parent,parent1,23,22,15,0.0
flat_arithmetic_recombination_25pop_25off_50gen_1000steps,8,arithmetic_recombination,50,1238,62.63957914817573,50,610,557,elite_parent,parent2,25,24,14,0.1949858478065333
flat_arithmetic_recombination_25pop_25off_50gen_1000steps,8,arithmetic_recombination,50,1238,62.63957914817573,50,673,610,elite_parent,parent2,27,26,13,0.1949858478065333
flat_arithmetic_recombination_25pop_25off_50gen_1000steps,8,arithmetic_recombination,50,1238,62.63957914817573,50,686,673,elite_parent,parent1,28,27,12,0.0
flat_arithmetic_recombination_25pop_25off_50gen_1000steps,8,arithmetic_recombination,50,1238,62.63957914817573,50,713,686,elite_parent,parent1,29,28,11,0.0
flat_arithmetic_recombination_25pop_25off_50gen_1000steps,8,arithmetic_recombination,50,1238,62.63957914817573,50,733,713,elite_parent,parent2,30,29,10,0.0
flat_arithmetic_recombination_25pop_25off_50gen_1000steps,8,arithmetic_recombination,50,1238,62.63957914817573,50,766,733,elite_parent,parent2,31,30,9,0.0
flat_arithmetic_recombination_25pop_25off_50gen_1000steps,8,arithmetic_recombination,50,1238,62.63957914817573,50,776,766,elite_parent,parent2,32,31,8,0.0
flat_arithmetic_recombination_25pop_25off_50gen_1000steps,8,arithmetic_recombination,50,1238,62.63957914817573,50,846,776,elite_parent,parent2,34,33,7,0.0
flat_arithmetic_recombination_25pop_25off_50gen_1000steps,8,arithmetic_recombination,50,1238,62.63957914817573,50,867,846,elite_parent,parent2,35,34,6,0.0
flat_arithmetic_recombination_25pop_25off_50gen_1000steps,8,arithmetic_recombination,50,1238,62.63957914817573,50,890,867,elite_parent,parent2,36,35,5,0.0
flat_arithmetic_recombination_25pop_25off_50gen_1000steps,8,arithmetic_recombination,50,1238,62.63957914817573,50,907,890,elite_parent,parent2,37,36,4,0.0
flat_arithmetic_recombination_25pop_25off_50gen_1000steps,8,arithmetic_recombination,50,1238,62.63957914817573,50,1118,907,elite_parent,parent1,45,44,3,0.4719355967219691
flat_arithmetic_recombination_25pop_25off_50gen_1000steps,8,arithmetic_recombination,50,1238,62.63957914817573,50,1127,1118,elite_parent,parent2,46,45,2,0.0
flat_arithmetic_recombination_25pop_25off_50gen_1000steps,8,arithmetic_recombination,50,1238,62.63957914817573,50,1164,1127,elite_parent,parent1,47,46,1,0.0
flat_arithmetic_recombination_25pop_25off_50gen_1000steps,8,arithmetic_recombination,50,1238,62.63957914817573,50,1238,1164,elite_parent,parent1,50,49,0,0.2567530849599131
flat_arithmetic_recombination_25pop_25off_50gen_1000steps,9,arithmetic_recombination,50,970,40.2282773631167,39,354,6,elite_parent,parent1,15,14,7,0.4415816825353975
flat_arithmetic_recombination_25pop_25off_50gen_1000steps,9,arithmetic_recombination,50,970,40.2282773631167,39,661,354,elite_parent,parent1,27,26,6,0.5861606479300429
flat_arithmetic_recombination_25pop_25off_50gen_1000steps,9,arithmetic_recombination,50,970,40.2282773631167,39,721,661,elite_parent,parent1,29,28,5,0.0
flat_arithmetic_recombination_25pop_25off_50gen_1000steps,9,arithmetic_recombination,50,970,40.2282773631167,39,745,721,elite_parent,parent1,30,29,4,0.455772654889335
flat_arithmetic_recombination_25pop_25off_50gen_1000steps,9,arithmetic_recombination,50,970,40.2282773631167,39,759,745,elite_parent,parent1,31,30,3,0.0
flat_arithmetic_recombination_25pop_25off_50gen_1000steps,9,arithmetic_recombination,50,970,40.2282773631167,39,914,759,elite_parent,parent1,37,36,2,0.0
flat_arithmetic_recombination_25pop_25off_50gen_1000steps,9,arithmetic_recombination,50,970,40.2282773631167,39,940,914,elite_parent,parent1,38,37,1,0.0
flat_arithmetic_recombination_25pop_25off_50gen_1000steps,9,arithmetic_recombination,50,970,40.2282773631167,39,970,940,elite_parent,parent2,39,38,0,0.468596357200262
flat_arithmetic_recombination_25pop_25off_50gen_1000steps,10,arithmetic_recombination,50,744,82.59564330470548,30,48,22,elite_parent,parent1,2,1,9,0.2975985143029381
flat_arithmetic_recombination_25pop_25off_50gen_1000steps,10,arithmetic_recombination,50,744,82.59564330470548,30,71,48,elite_parent,parent1,3,2,8,0.2778016650687004
flat_arithmetic_recombination_25pop_25off_50gen_1000steps,10,arithmetic_recombination,50,744,82.59564330470548,30,96,71,elite_parent,parent2,4,3,7,0.4010765272038383
flat_arithmetic_recombination_25pop_25off_50gen_1000steps,10,arithmetic_recombination,50,744,82.59564330470548,30,112,96,elite_parent,parent2,5,4,6,0.0891272095935902
flat_arithmetic_recombination_25pop_25off_50gen_1000steps,10,arithmetic_recombination,50,744,82.59564330470548,30,157,112,elite_parent,parent1,7,6,5,0.0
flat_arithmetic_recombination_25pop_25off_50gen_1000steps,10,arithmetic_recombination,50,744,82.59564330470548,30,246,157,elite_parent,parent2,10,9,4,0.0555555555555555
flat_arithmetic_recombination_25pop_25off_50gen_1000steps,10,arithmetic_recombination,50,744,82.59564330470548,30,341,246,elite_parent,parent1,14,13,3,0.0
flat_arithmetic_recombination_25pop_25off_50gen_1000steps,10,arithmetic_recombination,50,744,82.59564330470548,30,367,341,elite_parent,parent1,15,14,2,0.0
flat_arithmetic_recombination_25pop_25off_50gen_1000steps,10,arithmetic_recombination,50,744,82.59564330470548,30,566,367,elite_parent,parent1,23,22,1,0.0
flat_arithmetic_recombination_25pop_25off_50gen_1000steps,10,arithmetic_recombination,50,744,82.59564330470548,30,744,566,elite_parent,parent1,30,29,0,0.0
flat_homologous_gene_block_recombination_25pop_25off_50gen_1000steps,1,homologous_gene_block_recombination,50,1213,78.20630140355823,49,52,20,elite_parent,parent1,3,2,20,0.3180572265252326
flat_homologous_gene_block_recombination_25pop_25off_50gen_1000steps,1,homologous_gene_block_recombination,50,1213,78.20630140355823,49,161,52,elite_parent,parent1,7,6,19,0.4582884950238242
flat_homologous_gene_block_recombination_25pop_25off_50gen_1000steps,1,homologous_gene_block_recombination,50,1213,78.20630140355823,49,186,161,elite_parent,parent2,8,7,18,0.111111111111111
flat_homologous_gene_block_recombination_25pop_25off_50gen_1000steps,1,homologous_gene_block_recombination,50,1213,78.20630140355823,49,217,186,elite_parent,parent1,9,8,17,0.3018812389337257
flat_homologous_gene_block_recombination_25pop_25off_50gen_1000steps,1,homologous_gene_block_recombination,50,1213,78.20630140355823,49,359,217,elite_parent,parent2,15,14,16,0.268287046115454
flat_homologous_gene_block_recombination_25pop_25off_50gen_1000steps,1,homologous_gene_block_recombination,50,1213,78.20630140355823,49,393,359,elite_parent,parent1,16,15,15,0.0
flat_homologous_gene_block_recombination_25pop_25off_50gen_1000steps,1,homologous_gene_block_recombination,50,1213,78.20630140355823,49,412,393,elite_parent,parent1,17,16,14,0.462392061019877
flat_homologous_gene_block_recombination_25pop_25off_50gen_1000steps,1,homologous_gene_block_recombination,50,1213,78.20630140355823,49,457,412,elite_parent,parent1,19,18,13,0.0
flat_homologous_gene_block_recombination_25pop_25off_50gen_1000steps,1,homologous_gene_block_recombination,50,1213,78.20630140355823,49,514,457,elite_parent,parent1,21,20,12,0.0
flat_homologous_gene_block_recombination_25pop_25off_50gen_1000steps,1,homologous_gene_block_recombination,50,1213,78.20630140355823,49,636,514,elite_parent,parent1,26,25,11,0.0
flat_homologous_gene_block_recombination_25pop_25off_50gen_1000steps,1,homologous_gene_block_recombination,50,1213,78.20630140355823,49,817,636,elite_parent,parent2,33,32,10,0.0
flat_homologous_gene_block_recombination_25pop_25off_50gen_1000steps,1,homologous_gene_block_recombination,50,1213,78.20630140355823,49,826,817,elite_parent,parent2,34,33,9,0.0
flat_homologous_gene_block_recombination_25pop_25off_50gen_1000steps,1,homologous_gene_block_recombination,50,1213,78.20630140355823,49,884,826,elite_parent,parent2,36,35,8,0.4618867923939762
flat_homologous_gene_block_recombination_25pop_25off_50gen_1000steps,1,homologous_gene_block_recombination,50,1213,78.20630140355823,49,905,884,elite_parent,parent1,37,36,7,0.0
flat_homologous_gene_block_recombination_25pop_25off_50gen_1000steps,1,homologous_gene_block_recombination,50,1213,78.20630140355823,49,967,905,elite_parent,parent1,39,38,6,0.0
flat_homologous_gene_block_recombination_25pop_25off_50gen_1000steps,1,homologous_gene_block_recombination,50,1213,78.20630140355823,49,993,967,elite_parent,parent2,40,39,5,0.0
flat_homologous_gene_block_recombination_25pop_25off_50gen_1000steps,1,homologous_gene_block_recombination,50,1213,78.20630140355823,49,1025,993,elite_parent,parent2,41,40,4,0.0
flat_homologous_gene_block_recombination_25pop_25off_50gen_1000steps,1,homologous_gene_block_recombination,50,1213,78.20630140355823,49,1033,1025,elite_parent,parent1,42,41,3,0.0
flat_homologous_gene_block_recombination_25pop_25off_50gen_1000steps,1,homologous_gene_block_recombination,50,1213,78.20630140355823,49,1070,1033,elite_parent,parent1,43,42,2,0.0
flat_homologous_gene_block_recombination_25pop_25off_50gen_1000steps,1,homologous_gene_block_recombination,50,1213,78.20630140355823,49,1143,1070,elite_parent,parent1,46,45,1,0.0
flat_homologous_gene_block_recombination_25pop_25off_50gen_1000steps,1,homologous_gene_block_recombination,50,1213,78.20630140355823,49,1213,1143,elite_parent,parent1,49,48,0,0.2246384405668512
flat_homologous_gene_block_recombination_25pop_25off_50gen_1000steps,2,homologous_gene_block_recombination,50,1081,75.46539664892768,44,36,18,elite_parent,parent1,2,1,16,0.4841310499438951
flat_homologous_gene_block_recombination_25pop_25off_50gen_1000steps,2,homologous_gene_block_recombination,50,1081,75.46539664892768,44,133,36,elite_parent,parent2,6,5,15,0.4198106238469985
flat_homologous_gene_block_recombination_25pop_25off_50gen_1000steps,2,homologous_gene_block_recombination,50,1081,75.46539664892768,44,169,133,elite_parent,parent2,7,6,14,0.0
flat_homologous_gene_block_recombination_25pop_25off_50gen_1000steps,2,homologous_gene_block_recombination,50,1081,75.46539664892768,44,184,169,elite_parent,parent2,8,7,13,0.0
flat_homologous_gene_block_recombination_25pop_25off_50gen_1000steps,2,homologous_gene_block_recombination,50,1081,75.46539664892768,44,205,184,elite_parent,parent2,9,8,12,0.0
flat_homologous_gene_block_recombination_25pop_25off_50gen_1000steps,2,homologous_gene_block_recombination,50,1081,75.46539664892768,44,248,205,elite_parent,parent2,10,9,11,0.0
flat_homologous_gene_block_recombination_25pop_25off_50gen_1000steps,2,homologous_gene_block_recombination,50,1081,75.46539664892768,44,271,248,elite_parent,parent2,11,10,10,0.0
flat_homologous_gene_block_recombination_25pop_25off_50gen_1000steps,2,homologous_gene_block_recombination,50,1081,75.46539664892768,44,293,271,elite_parent,parent1,12,11,9,0.0
flat_homologous_gene_block_recombination_25pop_25off_50gen_1000steps,2,homologous_gene_block_recombination,50,1081,75.46539664892768,44,331,293,elite_parent,parent2,14,13,8,0.0
flat_homologous_gene_block_recombination_25pop_25off_50gen_1000steps,2,homologous_gene_block_recombination,50,1081,75.46539664892768,44,380,331,elite_parent,parent1,16,15,7,0.0
flat_homologous_gene_block_recombination_25pop_25off_50gen_1000steps,2,homologous_gene_block_recombination,50,1081,75.46539664892768,44,496,380,elite_parent,parent1,20,19,6,0.0
flat_homologous_gene_block_recombination_25pop_25off_50gen_1000steps,2,homologous_gene_block_recombination,50,1081,75.46539664892768,44,515,496,elite_parent,parent2,21,20,5,0.0
flat_homologous_gene_block_recombination_25pop_25off_50gen_1000steps,2,homologous_gene_block_recombination,50,1081,75.46539664892768,44,548,515,elite_parent,parent2,22,21,4,0.0
flat_homologous_gene_block_recombination_25pop_25off_50gen_1000steps,2,homologous_gene_block_recombination,50,1081,75.46539664892768,44,580,548,elite_parent,parent2,24,23,3,0.0
flat_homologous_gene_block_recombination_25pop_25off_50gen_1000steps,2,homologous_gene_block_recombination,50,1081,75.46539664892768,44,631,580,elite_parent,parent1,26,25,2,0.0
flat_homologous_gene_block_recombination_25pop_25off_50gen_1000steps,2,homologous_gene_block_recombination,50,1081,75.46539664892768,44,839,631,elite_parent,parent1,34,33,1,0.0
flat_homologous_gene_block_recombination_25pop_25off_50gen_1000steps,2,homologous_gene_block_recombination,50,1081,75.46539664892768,44,1081,839,elite_parent,parent1,44,43,0,0.0
flat_homologous_gene_block_recombination_25pop_25off_50gen_1000steps,3,homologous_gene_block_recombination,50,934,91.82323165152684,38,49,19,elite_parent,parent1,2,1,16,0.505988949814461
flat_homologous_gene_block_recombination_25pop_25off_50gen_1000steps,3,homologous_gene_block_recombination,50,934,91.82323165152684,38,72,49,elite_parent,parent2,3,2,15,0.0
flat_homologous_gene_block_recombination_25pop_25off_50gen_1000steps,3,homologous_gene_block_recombination,50,934,91.82323165152684,38,79,72,elite_parent,parent2,4,3,14,0.0
flat_homologous_gene_block_recombination_25pop_25off_50gen_1000steps,3,homologous_gene_block_recombination,50,934,91.82323165152684,38,122,79,elite_parent,parent1,5,4,13,0.6579594841566121
flat_homologous_gene_block_recombination_25pop_25off_50gen_1000steps,3,homologous_gene_block_recombination,50,934,91.82323165152684,38,142,122,elite_parent,parent1,6,5,12,0.2038570507805291
flat_homologous_gene_block_recombination_25pop_25off_50gen_1000steps,3,homologous_gene_block_recombination,50,934,91.82323165152684,38,187,142,elite_parent,parent1,8,7,11,0.1536631734485384
flat_homologous_gene_block_recombination_25pop_25off_50gen_1000steps,3,homologous_gene_block_recombination,50,934,91.82323165152684,38,232,187,elite_parent,parent1,10,9,10,0.382033780403936
flat_homologous_gene_block_recombination_25pop_25off_50gen_1000steps,3,homologous_gene_block_recombination,50,934,91.82323165152684,38,321,232,elite_parent,parent2,13,12,9,0.382033780403936
flat_homologous_gene_block_recombination_25pop_25off_50gen_1000steps,3,homologous_gene_block_recombination,50,934,91.82323165152684,38,395,321,elite_parent,parent1,16,15,8,0.1904072045101366
flat_homologous_gene_block_recombination_25pop_25off_50gen_1000steps,3,homologous_gene_block_recombination,50,934,91.82323165152684,38,449,395,elite_parent,parent2,18,17,7,0.0
flat_homologous_gene_block_recombination_25pop_25off_50gen_1000steps,3,homologous_gene_block_recombination,50,934,91.82323165152684,38,493,449,elite_parent,parent1,20,19,6,0.0
flat_homologous_gene_block_recombination_25pop_25off_50gen_1000steps,3,homologous_gene_block_recombination,50,934,91.82323165152684,38,523,493,elite_parent,parent2,21,20,5,0.0
flat_homologous_gene_block_recombination_25pop_25off_50gen_1000steps,3,homologous_gene_block_recombination,50,934,91.82323165152684,38,548,523,elite_parent,parent1,22,21,4,0.0
flat_homologous_gene_block_recombination_25pop_25off_50gen_1000steps,3,homologous_gene_block_recombination,50,934,91.82323165152684,38,603,548,elite_parent,parent2,25,24,3,0.0
flat_homologous_gene_block_recombination_25pop_25off_50gen_1000steps,3,homologous_gene_block_recombination,50,934,91.82323165152684,38,698,603,elite_parent,parent1,28,27,2,0.0
flat_homologous_gene_block_recombination_25pop_25off_50gen_1000steps,3,homologous_gene_block_recombination,50,934,91.82323165152684,38,841,698,elite_parent,parent2,34,33,1,0.098082073081517
flat_homologous_gene_block_recombination_25pop_25off_50gen_1000steps,3,homologous_gene_block_recombination,50,934,91.82323165152684,38,934,841,elite_parent,parent1,38,37,0,0.0
flat_homologous_gene_block_recombination_25pop_25off_50gen_1000steps,4,homologous_gene_block_recombination,50,878,80.76538410917776,36,158,10,elite_parent,parent2,7,6,12,0.9679547614478982
flat_homologous_gene_block_recombination_25pop_25off_50gen_1000steps,4,homologous_gene_block_recombination,50,878,80.76538410917776,36,192,158,elite_parent,parent1,8,7,11,0.0
flat_homologous_gene_block_recombination_25pop_25off_50gen_1000steps,4,homologous_gene_block_recombination,50,878,80.76538410917776,36,218,192,elite_parent,parent1,9,8,10,0.4867059852204232
flat_homologous_gene_block_recombination_25pop_25off_50gen_1000steps,4,homologous_gene_block_recombination,50,878,80.76538410917776,36,233,218,elite_parent,parent1,10,9,9,0.5099322152968283
flat_homologous_gene_block_recombination_25pop_25off_50gen_1000steps,4,homologous_gene_block_recombination,50,878,80.76538410917776,36,275,233,elite_parent,parent1,11,10,8,0.0
flat_homologous_gene_block_recombination_25pop_25off_50gen_1000steps,4,homologous_gene_block_recombination,50,878,80.76538410917776,36,278,275,elite_parent,parent1,12,11,7,0.0
flat_homologous_gene_block_recombination_25pop_25off_50gen_1000steps,4,homologous_gene_block_recombination,50,878,80.76538410917776,36,356,278,elite_parent,parent1,15,14,6,0.0
flat_homologous_gene_block_recombination_25pop_25off_50gen_1000steps,4,homologous_gene_block_recombination,50,878,80.76538410917776,36,392,356,elite_parent,parent1,16,15,5,0.0
flat_homologous_gene_block_recombination_25pop_25off_50gen_1000steps,4,homologous_gene_block_recombination,50,878,80.76538410917776,36,432,392,elite_parent,parent2,18,17,4,0.0
flat_homologous_gene_block_recombination_25pop_25off_50gen_1000steps,4,homologous_gene_block_recombination,50,878,80.76538410917776,36,470,432,elite_parent,parent2,19,18,3,0.0
flat_homologous_gene_block_recombination_25pop_25off_50gen_1000steps,4,homologous_gene_block_recombination,50,878,80.76538410917776,36,559,470,elite_parent,parent1,23,22,2,0.0
flat_homologous_gene_block_recombination_25pop_25off_50gen_1000steps,4,homologous_gene_block_recombination,50,878,80.76538410917776,36,760,559,elite_parent,parent1,31,30,1,0.0
flat_homologous_gene_block_recombination_25pop_25off_50gen_1000steps,4,homologous_gene_block_recombination,50,878,80.76538410917776,36,878,760,elite_parent,parent1,36,35,0,0.0
flat_homologous_gene_block_recombination_25pop_25off_50gen_1000steps,5,homologous_gene_block_recombination,50,1213,92.59555058634126,49,57,24,elite_parent,parent2,3,2,11,0.4527902492132116
flat_homologous_gene_block_recombination_25pop_25off_50gen_1000steps,5,homologous_gene_block_recombination,50,1213,92.59555058634126,49,81,57,elite_parent,parent1,4,3,10,0.7194949213593728
flat_homologous_gene_block_recombination_25pop_25off_50gen_1000steps,5,homologous_gene_block_recombination,50,1213,92.59555058634126,49,137,81,elite_parent,parent1,6,5,9,0.5920717490062141
flat_homologous_gene_block_recombination_25pop_25off_50gen_1000steps,5,homologous_gene_block_recombination,50,1213,92.59555058634126,49,283,137,elite_parent,parent1,12,11,8,0.7207266741112821
flat_homologous_gene_block_recombination_25pop_25off_50gen_1000steps,5,homologous_gene_block_recombination,50,1213,92.59555058634126,49,307,283,elite_parent,parent2,13,12,7,0.0
flat_homologous_gene_block_recombination_25pop_25off_50gen_1000steps,5,homologous_gene_block_recombination,50,1213,92.59555058634126,49,542,307,elite_parent,parent2,22,21,6,0.0
flat_homologous_gene_block_recombination_25pop_25off_50gen_1000steps,5,homologous_gene_block_recombination,50,1213,92.59555058634126,49,646,542,elite_parent,parent1,26,25,5,0.0
flat_homologous_gene_block_recombination_25pop_25off_50gen_1000steps,5,homologous_gene_block_recombination,50,1213,92.59555058634126,49,779,646,elite_parent,parent2,32,31,4,0.0
flat_homologous_gene_block_recombination_25pop_25off_50gen_1000steps,5,homologous_gene_block_recombination,50,1213,92.59555058634126,49,920,779,elite_parent,parent1,37,36,3,0.0
flat_homologous_gene_block_recombination_25pop_25off_50gen_1000steps,5,homologous_gene_block_recombination,50,1213,92.59555058634126,49,929,920,elite_parent,parent1,38,37,2,0.0
flat_homologous_gene_block_recombination_25pop_25off_50gen_1000steps,5,homologous_gene_block_recombination,50,1213,92.59555058634126,49,1035,929,elite_parent,parent1,42,41,1,0.0
flat_homologous_gene_block_recombination_25pop_25off_50gen_1000steps,5,homologous_gene_block_recombination,50,1213,92.59555058634126,49,1213,1035,elite_parent,parent1,49,48,0,0.0
flat_homologous_gene_block_recombination_25pop_25off_50gen_1000steps,6,homologous_gene_block_recombination,50,1198,93.28073249914954,48,211,14,elite_parent,parent2,9,8,11,0.0
flat_homologous_gene_block_recombination_25pop_25off_50gen_1000steps,6,homologous_gene_block_recombination,50,1198,93.28073249914954,48,308,211,elite_parent,parent2,13,12,10,0.0
flat_homologous_gene_block_recombination_25pop_25off_50gen_1000steps,6,homologous_gene_block_recombination,50,1198,93.28073249914954,48,363,308,elite_parent,parent1,15,14,9,0.0
flat_homologous_gene_block_recombination_25pop_25off_50gen_1000steps,6,homologous_gene_block_recombination,50,1198,93.28073249914954,48,428,363,elite_parent,parent2,18,17,8,0.4508308516396404
flat_homologous_gene_block_recombination_25pop_25off_50gen_1000steps,6,homologous_gene_block_recombination,50,1198,93.28073249914954,48,594,428,elite_parent,parent2,24,23,7,0.0
flat_homologous_gene_block_recombination_25pop_25off_50gen_1000steps,6,homologous_gene_block_recombination,50,1198,93.28073249914954,48,673,594,elite_parent,parent2,27,26,6,0.0
flat_homologous_gene_block_recombination_25pop_25off_50gen_1000steps,6,homologous_gene_block_recombination,50,1198,93.28073249914954,48,743,673,elite_parent,parent2,30,29,5,0.0
flat_homologous_gene_block_recombination_25pop_25off_50gen_1000steps,6,homologous_gene_block_recombination,50,1198,93.28073249914954,48,905,743,elite_parent,parent1,37,36,4,0.0
flat_homologous_gene_block_recombination_25pop_25off_50gen_1000steps,6,homologous_gene_block_recombination,50,1198,93.28073249914954,48,949,905,elite_parent,parent2,38,37,3,0.0
flat_homologous_gene_block_recombination_25pop_25off_50gen_1000steps,6,homologous_gene_block_recombination,50,1198,93.28073249914954,48,984,949,elite_parent,parent1,40,39,2,0.0
flat_homologous_gene_block_recombination_25pop_25off_50gen_1000steps,6,homologous_gene_block_recombination,50,1198,93.28073249914954,48,1105,984,elite_parent,parent2,45,44,1,0.0
flat_homologous_gene_block_recombination_25pop_25off_50gen_1000steps,6,homologous_gene_block_recombination,50,1198,93.28073249914954,48,1198,1105,elite_parent,parent1,48,47,0,0.0
flat_homologous_gene_block_recombination_25pop_25off_50gen_1000steps,7,homologous_gene_block_recombination,50,1064,89.58286370296996,43,35,25,elite_parent,parent1,2,1,21,0.8574870708025867
flat_homologous_gene_block_recombination_25pop_25off_50gen_1000steps,7,homologous_gene_block_recombination,50,1064,89.58286370296996,43,152,35,elite_parent,parent2,7,6,20,0.920865803013932
flat_homologous_gene_block_recombination_25pop_25off_50gen_1000steps,7,homologous_gene_block_recombination,50,1064,89.58286370296996,43,195,152,elite_parent,parent1,8,7,19,1.2284085621579228
flat_homologous_gene_block_recombination_25pop_25off_50gen_1000steps,7,homologous_gene_block_recombination,50,1064,89.58286370296996,43,224,195,elite_parent,parent1,9,8,18,0.5275052279244987
flat_homologous_gene_block_recombination_25pop_25off_50gen_1000steps,7,homologous_gene_block_recombination,50,1064,89.58286370296996,43,276,224,elite_parent,parent1,12,11,17,0.2275783526790034
flat_homologous_gene_block_recombination_25pop_25off_50gen_1000steps,7,homologous_gene_block_recombination,50,1064,89.58286370296996,43,370,276,elite_parent,parent1,15,14,16,0.3611127877994164
flat_homologous_gene_block_recombination_25pop_25off_50gen_1000steps,7,homologous_gene_block_recombination,50,1064,89.58286370296996,43,421,370,elite_parent,parent2,17,16,15,0.2296959871385237
flat_homologous_gene_block_recombination_25pop_25off_50gen_1000steps,7,homologous_gene_block_recombination,50,1064,89.58286370296996,43,427,421,elite_parent,parent2,18,17,14,0.0
flat_homologous_gene_block_recombination_25pop_25off_50gen_1000steps,7,homologous_gene_block_recombination,50,1064,89.58286370296996,43,457,427,elite_parent,parent1,19,18,13,0.0
flat_homologous_gene_block_recombination_25pop_25off_50gen_1000steps,7,homologous_gene_block_recombination,50,1064,89.58286370296996,43,487,457,elite_parent,parent2,20,19,12,0.0
flat_homologous_gene_block_recombination_25pop_25off_50gen_1000steps,7,homologous_gene_block_recombination,50,1064,89.58286370296996,43,506,487,elite_parent,parent1,21,20,11,0.0
flat_homologous_gene_block_recombination_25pop_25off_50gen_1000steps,7,homologous_gene_block_recombination,50,1064,89.58286370296996,43,643,506,elite_parent,parent1,26,25,10,0.0
flat_homologous_gene_block_recombination_25pop_25off_50gen_1000steps,7,homologous_gene_block_recombination,50,1064,89.58286370296996,43,663,643,elite_parent,parent1,27,26,9,0.0
flat_homologous_gene_block_recombination_25pop_25off_50gen_1000steps,7,homologous_gene_block_recombination,50,1064,89.58286370296996,43,713,663,elite_parent,parent2,29,28,8,0.0
flat_homologous_gene_block_recombination_25pop_25off_50gen_1000steps,7,homologous_gene_block_recombination,50,1064,89.58286370296996,43,743,713,elite_parent,parent2,30,29,7,0.1319963287867595
flat_homologous_gene_block_recombination_25pop_25off_50gen_1000steps,7,homologous_gene_block_recombination,50,1064,89.58286370296996,43,758,743,elite_parent,parent2,31,30,6,0.0
flat_homologous_gene_block_recombination_25pop_25off_50gen_1000steps,7,homologous_gene_block_recombination,50,1064,89.58286370296996,43,787,758,elite_parent,parent1,32,31,5,0.0
flat_homologous_gene_block_recombination_25pop_25off_50gen_1000steps,7,homologous_gene_block_recombination,50,1064,89.58286370296996,43,812,787,elite_parent,parent2,33,32,4,0.2329312421620281
flat_homologous_gene_block_recombination_25pop_25off_50gen_1000steps,7,homologous_gene_block_recombination,50,1064,89.58286370296996,43,972,812,elite_parent,parent1,39,38,3,0.093265500965709
flat_homologous_gene_block_recombination_25pop_25off_50gen_1000steps,7,homologous_gene_block_recombination,50,1064,89.58286370296996,43,993,972,elite_parent,parent2,40,39,2,0.0
flat_homologous_gene_block_recombination_25pop_25off_50gen_1000steps,7,homologous_gene_block_recombination,50,1064,89.58286370296996,43,1042,993,elite_parent,parent1,42,41,1,0.0
flat_homologous_gene_block_recombination_25pop_25off_50gen_1000steps,7,homologous_gene_block_recombination,50,1064,89.58286370296996,43,1064,1042,elite_parent,parent2,43,42,0,0.0
flat_homologous_gene_block_recombination_25pop_25off_50gen_1000steps,8,homologous_gene_block_recombination,50,1120,64.8349661392996,45,42,22,elite_parent,parent1,2,1,18,0.3472728444629077
flat_homologous_gene_block_recombination_25pop_25off_50gen_1000steps,8,homologous_gene_block_recombination,50,1120,64.8349661392996,45,96,42,elite_parent,parent1,4,3,17,0.3472728444629077
flat_homologous_gene_block_recombination_25pop_25off_50gen_1000steps,8,homologous_gene_block_recombination,50,1120,64.8349661392996,45,203,96,elite_parent,parent1,9,8,16,0.2668744466403431
flat_homologous_gene_block_recombination_25pop_25off_50gen_1000steps,8,homologous_gene_block_recombination,50,1120,64.8349661392996,45,281,203,elite_parent,parent2,12,11,15,0.2227103155293321
flat_homologous_gene_block_recombination_25pop_25off_50gen_1000steps,8,homologous_gene_block_recombination,50,1120,64.8349661392996,45,353,281,elite_parent,parent2,15,14,14,0.2227103155293321
flat_homologous_gene_block_recombination_25pop_25off_50gen_1000steps,8,homologous_gene_block_recombination,50,1120,64.8349661392996,45,441,353,elite_parent,parent1,18,17,13,0.3099925226058759
flat_homologous_gene_block_recombination_25pop_25off_50gen_1000steps,8,homologous_gene_block_recombination,50,1120,64.8349661392996,45,473,441,elite_parent,parent2,19,18,12,0.0
flat_homologous_gene_block_recombination_25pop_25off_50gen_1000steps,8,homologous_gene_block_recombination,50,1120,64.8349661392996,45,526,473,elite_parent,parent1,22,21,11,0.1842847059841439
flat_homologous_gene_block_recombination_25pop_25off_50gen_1000steps,8,homologous_gene_block_recombination,50,1120,64.8349661392996,45,554,526,elite_parent,parent1,23,22,10,0.0
flat_homologous_gene_block_recombination_25pop_25off_50gen_1000steps,8,homologous_gene_block_recombination,50,1120,64.8349661392996,45,590,554,elite_parent,parent1,24,23,9,0.0
flat_homologous_gene_block_recombination_25pop_25off_50gen_1000steps,8,homologous_gene_block_recombination,50,1120,64.8349661392996,45,641,590,elite_parent,parent1,26,25,8,0.0
flat_homologous_gene_block_recombination_25pop_25off_50gen_1000steps,8,homologous_gene_block_recombination,50,1120,64.8349661392996,45,674,641,elite_parent,parent2,27,26,7,0.0
flat_homologous_gene_block_recombination_25pop_25off_50gen_1000steps,8,homologous_gene_block_recombination,50,1120,64.8349661392996,45,677,674,elite_parent,parent1,28,27,6,0.0
flat_homologous_gene_block_recombination_25pop_25off_50gen_1000steps,8,homologous_gene_block_recombination,50,1120,64.8349661392996,45,711,677,elite_parent,parent2,29,28,5,0.0
flat_homologous_gene_block_recombination_25pop_25off_50gen_1000steps,8,homologous_gene_block_recombination,50,1120,64.8349661392996,45,768,711,elite_parent,parent1,31,30,4,0.0
flat_homologous_gene_block_recombination_25pop_25off_50gen_1000steps,8,homologous_gene_block_recombination,50,1120,64.8349661392996,45,778,768,elite_parent,parent2,32,31,3,0.0
flat_homologous_gene_block_recombination_25pop_25off_50gen_1000steps,8,homologous_gene_block_recombination,50,1120,64.8349661392996,45,817,778,elite_parent,parent2,33,32,2,0.0
flat_homologous_gene_block_recombination_25pop_25off_50gen_1000steps,8,homologous_gene_block_recombination,50,1120,64.8349661392996,45,1064,817,elite_parent,parent2,43,42,1,0.1462027271185598
flat_homologous_gene_block_recombination_25pop_25off_50gen_1000steps,8,homologous_gene_block_recombination,50,1120,64.8349661392996,45,1120,1064,elite_parent,parent1,45,44,0,0.0
flat_homologous_gene_block_recombination_25pop_25off_50gen_1000steps,9,homologous_gene_block_recombination,50,1012,91.06238969468464,41,60,24,elite_parent,parent1,3,2,9,0.4026415048227091
flat_homologous_gene_block_recombination_25pop_25off_50gen_1000steps,9,homologous_gene_block_recombination,50,1012,91.06238969468464,41,141,60,elite_parent,parent1,6,5,8,0.2834858533065509
flat_homologous_gene_block_recombination_25pop_25off_50gen_1000steps,9,homologous_gene_block_recombination,50,1012,91.06238969468464,41,170,141,elite_parent,parent2,7,6,7,0.4764658595256588
flat_homologous_gene_block_recombination_25pop_25off_50gen_1000steps,9,homologous_gene_block_recombination,50,1012,91.06238969468464,41,208,170,elite_parent,parent2,9,8,6,0.1893626585448281
flat_homologous_gene_block_recombination_25pop_25off_50gen_1000steps,9,homologous_gene_block_recombination,50,1012,91.06238969468464,41,284,208,elite_parent,parent2,12,11,5,0.0
flat_homologous_gene_block_recombination_25pop_25off_50gen_1000steps,9,homologous_gene_block_recombination,50,1012,91.06238969468464,41,325,284,elite_parent,parent1,13,12,4,0.0
flat_homologous_gene_block_recombination_25pop_25off_50gen_1000steps,9,homologous_gene_block_recombination,50,1012,91.06238969468464,41,372,325,elite_parent,parent2,15,14,3,0.1893626585448281
flat_homologous_gene_block_recombination_25pop_25off_50gen_1000steps,9,homologous_gene_block_recombination,50,1012,91.06238969468464,41,460,372,elite_parent,parent2,19,18,2,0.0
flat_homologous_gene_block_recombination_25pop_25off_50gen_1000steps,9,homologous_gene_block_recombination,50,1012,91.06238969468464,41,980,460,elite_parent,parent1,40,39,1,0.0
flat_homologous_gene_block_recombination_25pop_25off_50gen_1000steps,9,homologous_gene_block_recombination,50,1012,91.06238969468464,41,1012,980,elite_parent,parent1,41,40,0,0.125
flat_homologous_gene_block_recombination_25pop_25off_50gen_1000steps,10,homologous_gene_block_recombination,50,1189,66.57893748163391,48,46,13,elite_parent,parent2,2,1,15,0.38139607098522
flat_homologous_gene_block_recombination_25pop_25off_50gen_1000steps,10,homologous_gene_block_recombination,50,1189,66.57893748163391,48,219,46,elite_parent,parent1,9,8,14,0.7043707802139072
flat_homologous_gene_block_recombination_25pop_25off_50gen_1000steps,10,homologous_gene_block_recombination,50,1189,66.57893748163391,48,309,219,elite_parent,parent1,13,12,13,0.3157333981941058
flat_homologous_gene_block_recombination_25pop_25off_50gen_1000steps,10,homologous_gene_block_recombination,50,1189,66.57893748163391,48,334,309,elite_parent,parent1,14,13,12,0.5189317136741501
flat_homologous_gene_block_recombination_25pop_25off_50gen_1000steps,10,homologous_gene_block_recombination,50,1189,66.57893748163391,48,413,334,elite_parent,parent2,17,16,11,0.2421610524189263
flat_homologous_gene_block_recombination_25pop_25off_50gen_1000steps,10,homologous_gene_block_recombination,50,1189,66.57893748163391,48,446,413,elite_parent,parent2,18,17,10,0.2421610524189263
flat_homologous_gene_block_recombination_25pop_25off_50gen_1000steps,10,homologous_gene_block_recombination,50,1189,66.57893748163391,48,597,446,elite_parent,parent1,24,23,9,0.0
flat_homologous_gene_block_recombination_25pop_25off_50gen_1000steps,10,homologous_gene_block_recombination,50,1189,66.57893748163391,48,673,597,elite_parent,parent1,27,26,8,0.0
flat_homologous_gene_block_recombination_25pop_25off_50gen_1000steps,10,homologous_gene_block_recombination,50,1189,66.57893748163391,48,691,673,elite_parent,parent2,28,27,7,0.0
flat_homologous_gene_block_recombination_25pop_25off_50gen_1000steps,10,homologous_gene_block_recombination,50,1189,66.57893748163391,48,716,691,elite_parent,parent2,29,28,6,0.0
flat_homologous_gene_block_recombination_25pop_25off_50gen_1000steps,10,homologous_gene_block_recombination,50,1189,66.57893748163391,48,763,716,elite_parent,parent1,31,30,5,0.0
flat_homologous_gene_block_recombination_25pop_25off_50gen_1000steps,10,homologous_gene_block_recombination,50,1189,66.57893748163391,48,828,763,elite_parent,parent2,34,33,4,0.0
flat_homologous_gene_block_recombination_25pop_25off_50gen_1000steps,10,homologous_gene_block_recombination,50,1189,66.57893748163391,48,885,828,elite_parent,parent2,36,35,3,0.0
flat_homologous_gene_block_recombination_25pop_25off_50gen_1000steps,10,homologous_gene_block_recombination,50,1189,66.57893748163391,48,909,885,elite_parent,parent1,37,36,2,0.0
flat_homologous_gene_block_recombination_25pop_25off_50gen_1000steps,10,homologous_gene_block_recombination,50,1189,66.57893748163391,48,1034,909,elite_parent,parent1,42,41,1,0.0
flat_homologous_gene_block_recombination_25pop_25off_50gen_1000steps,10,homologous_gene_block_recombination,50,1189,66.57893748163391,48,1189,1034,elite_parent,parent1,48,47,0,0.0
flat_promoter_aligned_cut_and_splice_25pop_25off_50gen_1000steps,1,promoter_aligned_cut_and_splice,50,916,92.4768460887796,37,71,18,elite_parent,parent1,3,2,6,0.0
flat_promoter_aligned_cut_and_splice_25pop_25off_50gen_1000steps,1,promoter_aligned_cut_and_splice,50,916,92.4768460887796,37,199,71,elite_parent,parent1,8,7,5,0.0
flat_promoter_aligned_cut_and_splice_25pop_25off_50gen_1000steps,1,promoter_aligned_cut_and_splice,50,916,92.4768460887796,37,419,199,elite_parent,parent1,17,16,4,0.0
flat_promoter_aligned_cut_and_splice_25pop_25off_50gen_1000steps,1,promoter_aligned_cut_and_splice,50,916,92.4768460887796,37,450,419,elite_parent,parent1,18,17,3,0.271969176839019
flat_promoter_aligned_cut_and_splice_25pop_25off_50gen_1000steps,1,promoter_aligned_cut_and_splice,50,916,92.4768460887796,37,519,450,elite_parent,parent2,21,20,2,0.0
flat_promoter_aligned_cut_and_splice_25pop_25off_50gen_1000steps,1,promoter_aligned_cut_and_splice,50,916,92.4768460887796,37,553,519,elite_parent,parent2,23,22,1,0.0
flat_promoter_aligned_cut_and_splice_25pop_25off_50gen_1000steps,1,promoter_aligned_cut_and_splice,50,916,92.4768460887796,37,916,553,elite_parent,parent1,37,36,0,0.0
flat_promoter_aligned_cut_and_splice_25pop_25off_50gen_1000steps,2,promoter_aligned_cut_and_splice,50,409,56.30393482323413,17,46,21,elite_parent,parent2,2,1,3,0.4229877667186733
flat_promoter_aligned_cut_and_splice_25pop_25off_50gen_1000steps,2,promoter_aligned_cut_and_splice,50,409,56.30393482323413,17,181,46,elite_parent,parent2,8,7,2,0.5693941888559727
flat_promoter_aligned_cut_and_splice_25pop_25off_50gen_1000steps,2,promoter_aligned_cut_and_splice,50,409,56.30393482323413,17,309,181,elite_parent,parent1,13,12,1,0.0
flat_promoter_aligned_cut_and_splice_25pop_25off_50gen_1000steps,2,promoter_aligned_cut_and_splice,50,409,56.30393482323413,17,409,309,elite_parent,parent1,17,16,0,0.3282591531867039
flat_promoter_aligned_cut_and_splice_25pop_25off_50gen_1000steps,3,promoter_aligned_cut_and_splice,50,210,60.94240517609476,9,52,12,elite_parent,parent2,3,2,2,0.7238230122664102
flat_promoter_aligned_cut_and_splice_25pop_25off_50gen_1000steps,3,promoter_aligned_cut_and_splice,50,210,60.94240517609476,9,92,52,elite_parent,parent1,4,3,1,1.2073502816949633
flat_promoter_aligned_cut_and_splice_25pop_25off_50gen_1000steps,3,promoter_aligned_cut_and_splice,50,210,60.94240517609476,9,210,92,elite_parent,parent1,9,8,0,0.2657916423324117
flat_promoter_aligned_cut_and_splice_25pop_25off_50gen_1000steps,4,promoter_aligned_cut_and_splice,50,1228,74.51315358001074,50,37,19,elite_parent,parent1,2,1,10,0.0
flat_promoter_aligned_cut_and_splice_25pop_25off_50gen_1000steps,4,promoter_aligned_cut_and_splice,50,1228,74.51315358001074,50,78,37,elite_parent,parent2,4,3,9,0.973950844197786
flat_promoter_aligned_cut_and_splice_25pop_25off_50gen_1000steps,4,promoter_aligned_cut_and_splice,50,1228,74.51315358001074,50,470,78,elite_parent,parent2,19,18,8,0.546319051629027
flat_promoter_aligned_cut_and_splice_25pop_25off_50gen_1000steps,4,promoter_aligned_cut_and_splice,50,1228,74.51315358001074,50,494,470,elite_parent,parent2,20,19,7,0.225269987227275
flat_promoter_aligned_cut_and_splice_25pop_25off_50gen_1000steps,4,promoter_aligned_cut_and_splice,50,1228,74.51315358001074,50,550,494,elite_parent,parent1,22,21,6,0.0
flat_promoter_aligned_cut_and_splice_25pop_25off_50gen_1000steps,4,promoter_aligned_cut_and_splice,50,1228,74.51315358001074,50,737,550,elite_parent,parent2,30,29,5,0.0
flat_promoter_aligned_cut_and_splice_25pop_25off_50gen_1000steps,4,promoter_aligned_cut_and_splice,50,1228,74.51315358001074,50,909,737,elite_parent,parent1,37,36,4,0.1858126181133525
flat_promoter_aligned_cut_and_splice_25pop_25off_50gen_1000steps,4,promoter_aligned_cut_and_splice,50,1228,74.51315358001074,50,928,909,elite_parent,parent1,38,37,3,0.0
flat_promoter_aligned_cut_and_splice_25pop_25off_50gen_1000steps,4,promoter_aligned_cut_and_splice,50,1228,74.51315358001074,50,1108,928,elite_parent,parent2,45,44,2,0.0
flat_promoter_aligned_cut_and_splice_25pop_25off_50gen_1000steps,4,promoter_aligned_cut_and_splice,50,1228,74.51315358001074,50,1196,1108,elite_parent,parent1,48,47,1,0.0
flat_promoter_aligned_cut_and_splice_25pop_25off_50gen_1000steps,4,promoter_aligned_cut_and_splice,50,1228,74.51315358001074,50,1228,1196,elite_parent,parent2,50,49,0,0.0
flat_promoter_aligned_cut_and_splice_25pop_25off_50gen_1000steps,5,promoter_aligned_cut_and_splice,50,1158,79.863430348169,47,167,14,elite_parent,parent1,7,6,5,0.0
flat_promoter_aligned_cut_and_splice_25pop_25off_50gen_1000steps,5,promoter_aligned_cut_and_splice,50,1158,79.863430348169,47,365,167,elite_parent,parent2,15,14,4,0.3821213720105106
flat_promoter_aligned_cut_and_splice_25pop_25off_50gen_1000steps,5,promoter_aligned_cut_and_splice,50,1158,79.863430348169,47,778,365,elite_parent,parent1,32,31,3,0.3561771774974279
flat_promoter_aligned_cut_and_splice_25pop_25off_50gen_1000steps,5,promoter_aligned_cut_and_splice,50,1158,79.863430348169,47,962,778,elite_parent,parent2,39,38,2,0.0
flat_promoter_aligned_cut_and_splice_25pop_25off_50gen_1000steps,5,promoter_aligned_cut_and_splice,50,1158,79.863430348169,47,1012,962,elite_parent,parent1,41,40,1,0.0
flat_promoter_aligned_cut_and_splice_25pop_25off_50gen_1000steps,5,promoter_aligned_cut_and_splice,50,1158,79.863430348169,47,1158,1012,elite_parent,parent2,47,46,0,0.3118916205246083
flat_promoter_aligned_cut_and_splice_25pop_25off_50gen_1000steps,6,promoter_aligned_cut_and_splice,50,1173,72.8327432847696,47,50,18,elite_parent,parent2,2,1,7,1.1242281302693369
flat_promoter_aligned_cut_and_splice_25pop_25off_50gen_1000steps,6,promoter_aligned_cut_and_splice,50,1173,72.8327432847696,47,55,50,elite_parent,parent2,3,2,6,0.9409248143039056
flat_promoter_aligned_cut_and_splice_25pop_25off_50gen_1000steps,6,promoter_aligned_cut_and_splice,50,1173,72.8327432847696,47,276,55,elite_parent,parent1,12,11,5,0.0
flat_promoter_aligned_cut_and_splice_25pop_25off_50gen_1000steps,6,promoter_aligned_cut_and_splice,50,1173,72.8327432847696,47,319,276,elite_parent,parent2,13,12,4,0.2310737149231713
flat_promoter_aligned_cut_and_splice_25pop_25off_50gen_1000steps,6,promoter_aligned_cut_and_splice,50,1173,72.8327432847696,47,791,319,elite_parent,parent1,32,31,3,0.256139036160639
flat_promoter_aligned_cut_and_splice_25pop_25off_50gen_1000steps,6,promoter_aligned_cut_and_splice,50,1173,72.8327432847696,47,955,791,elite_parent,parent1,39,38,2,0.0
flat_promoter_aligned_cut_and_splice_25pop_25off_50gen_1000steps,6,promoter_aligned_cut_and_splice,50,1173,72.8327432847696,47,1144,955,elite_parent,parent2,46,45,1,0.0
flat_promoter_aligned_cut_and_splice_25pop_25off_50gen_1000steps,6,promoter_aligned_cut_and_splice,50,1173,72.8327432847696,47,1173,1144,elite_parent,parent1,47,46,0,0.0
flat_promoter_aligned_cut_and_splice_25pop_25off_50gen_1000steps,7,promoter_aligned_cut_and_splice,50,1235,71.62602252720517,50,94,8,elite_parent,parent2,4,3,9,0.0
flat_promoter_aligned_cut_and_splice_25pop_25off_50gen_1000steps,7,promoter_aligned_cut_and_splice,50,1235,71.62602252720517,50,364,94,elite_parent,parent1,15,14,8,0.0
flat_promoter_aligned_cut_and_splice_25pop_25off_50gen_1000steps,7,promoter_aligned_cut_and_splice,50,1235,71.62602252720517,50,547,364,elite_parent,parent2,22,21,7,0.6139748215132775
flat_promoter_aligned_cut_and_splice_25pop_25off_50gen_1000steps,7,promoter_aligned_cut_and_splice,50,1235,71.62602252720517,50,563,547,elite_parent,parent1,23,22,6,0.6139748215132775
flat_promoter_aligned_cut_and_splice_25pop_25off_50gen_1000steps,7,promoter_aligned_cut_and_splice,50,1235,71.62602252720517,50,646,563,elite_parent,parent2,26,25,5,0.6139748215132775
flat_promoter_aligned_cut_and_splice_25pop_25off_50gen_1000steps,7,promoter_aligned_cut_and_splice,50,1235,71.62602252720517,50,686,646,elite_parent,parent2,28,27,4,0.0
flat_promoter_aligned_cut_and_splice_25pop_25off_50gen_1000steps,7,promoter_aligned_cut_and_splice,50,1235,71.62602252720517,50,998,686,elite_parent,parent1,40,39,3,0.0
flat_promoter_aligned_cut_and_splice_25pop_25off_50gen_1000steps,7,promoter_aligned_cut_and_splice,50,1235,71.62602252720517,50,1015,998,elite_parent,parent2,41,40,2,0.0
flat_promoter_aligned_cut_and_splice_25pop_25off_50gen_1000steps,7,promoter_aligned_cut_and_splice,50,1235,71.62602252720517,50,1084,1015,elite_parent,parent1,44,43,1,0.0
flat_promoter_aligned_cut_and_splice_25pop_25off_50gen_1000steps,7,promoter_aligned_cut_and_splice,50,1235,71.62602252720517,50,1235,1084,elite_parent,parent1,50,49,0,0.0
flat_promoter_aligned_cut_and_splice_25pop_25off_50gen_1000steps,8,promoter_aligned_cut_and_splice,50,968,84.38292944019416,39,28,14,elite_parent,parent2,2,1,10,1.2848369151340118
flat_promoter_aligned_cut_and_splice_25pop_25off_50gen_1000steps,8,promoter_aligned_cut_and_splice,50,968,84.38292944019416,39,66,28,elite_parent,parent1,3,2,9,0.0
flat_promoter_aligned_cut_and_splice_25pop_25off_50gen_1000steps,8,promoter_aligned_cut_and_splice,50,968,84.38292944019416,39,102,66,elite_parent,parent1,5,4,8,0.7238869702370753
flat_promoter_aligned_cut_and_splice_25pop_25off_50gen_1000steps,8,promoter_aligned_cut_and_splice,50,968,84.38292944019416,39,200,102,elite_parent,parent1,8,7,7,0.5463451726484168
flat_promoter_aligned_cut_and_splice_25pop_25off_50gen_1000steps,8,promoter_aligned_cut_and_splice,50,968,84.38292944019416,39,261,200,elite_parent,parent1,11,10,6,0.0
flat_promoter_aligned_cut_and_splice_25pop_25off_50gen_1000steps,8,promoter_aligned_cut_and_splice,50,968,84.38292944019416,39,563,261,elite_parent,parent2,23,22,5,0.0
flat_promoter_aligned_cut_and_splice_25pop_25off_50gen_1000steps,8,promoter_aligned_cut_and_splice,50,968,84.38292944019416,39,601,563,elite_parent,parent2,25,24,4,0.1363772172172132
flat_promoter_aligned_cut_and_splice_25pop_25off_50gen_1000steps,8,promoter_aligned_cut_and_splice,50,968,84.38292944019416,39,680,601,elite_parent,parent2,28,27,3,0.0
flat_promoter_aligned_cut_and_splice_25pop_25off_50gen_1000steps,8,promoter_aligned_cut_and_splice,50,968,84.38292944019416,39,747,680,elite_parent,parent2,30,29,2,0.0
flat_promoter_aligned_cut_and_splice_25pop_25off_50gen_1000steps,8,promoter_aligned_cut_and_splice,50,968,84.38292944019416,39,938,747,elite_parent,parent2,38,37,1,0.0
flat_promoter_aligned_cut_and_splice_25pop_25off_50gen_1000steps,8,promoter_aligned_cut_and_splice,50,968,84.38292944019416,39,968,938,elite_parent,parent2,39,38,0,0.0
flat_promoter_aligned_cut_and_splice_25pop_25off_50gen_1000steps,9,promoter_aligned_cut_and_splice,50,1234,59.625413354063504,50,74,15,elite_parent,parent2,3,2,4,0.5049283620427176
flat_promoter_aligned_cut_and_splice_25pop_25off_50gen_1000steps,9,promoter_aligned_cut_and_splice,50,1234,59.625413354063504,50,655,74,elite_parent,parent2,27,26,3,0.3894772537377996
flat_promoter_aligned_cut_and_splice_25pop_25off_50gen_1000steps,9,promoter_aligned_cut_and_splice,50,1234,59.625413354063504,50,689,655,elite_parent,parent1,28,27,2,0.0
flat_promoter_aligned_cut_and_splice_25pop_25off_50gen_1000steps,9,promoter_aligned_cut_and_splice,50,1234,59.625413354063504,50,839,689,elite_parent,parent1,34,33,1,0.0
flat_promoter_aligned_cut_and_splice_25pop_25off_50gen_1000steps,9,promoter_aligned_cut_and_splice,50,1234,59.625413354063504,50,1234,839,elite_parent,parent2,50,49,0,0.0
flat_promoter_aligned_cut_and_splice_25pop_25off_50gen_1000steps,10,promoter_aligned_cut_and_splice,50,1172,58.74495865338274,47,37,5,elite_parent,parent2,2,1,7,0.5504817018975018
flat_promoter_aligned_cut_and_splice_25pop_25off_50gen_1000steps,10,promoter_aligned_cut_and_splice,50,1172,58.74495865338274,47,96,37,elite_parent,parent1,4,3,6,0.3812515559872698
flat_promoter_aligned_cut_and_splice_25pop_25off_50gen_1000steps,10,promoter_aligned_cut_and_splice,50,1172,58.74495865338274,47,113,96,elite_parent,parent1,5,4,5,0.6540776613490366
flat_promoter_aligned_cut_and_splice_25pop_25off_50gen_1000steps,10,promoter_aligned_cut_and_splice,50,1172,58.74495865338274,47,229,113,elite_parent,parent1,10,9,4,0.597825733284619
flat_promoter_aligned_cut_and_splice_25pop_25off_50gen_1000steps,10,promoter_aligned_cut_and_splice,50,1172,58.74495865338274,47,427,229,elite_parent,parent1,18,17,3,0.0
flat_promoter_aligned_cut_and_splice_25pop_25off_50gen_1000steps,10,promoter_aligned_cut_and_splice,50,1172,58.74495865338274,47,539,427,elite_parent,parent1,22,21,2,0.0
flat_promoter_aligned_cut_and_splice_25pop_25off_50gen_1000steps,10,promoter_aligned_cut_and_splice,50,1172,58.74495865338274,47,820,539,elite_parent,parent2,33,32,1,0.0
flat_promoter_aligned_cut_and_splice_25pop_25off_50gen_1000steps,10,promoter_aligned_cut_and_splice,50,1172,58.74495865338274,47,1172,820,elite_parent,parent2,47,46,0,0.0
